Image,THUMB_MCP_angle,INDEX_MCP_angle,MIDDLE_MCP_angle,RING_MCP_angle,PINKY_MCP_angle,INDEX_PIP_angle,MIDDLE_PIP_angle,RING_PIP_angle,PINKY_PIP_angle,INDEX_DIP_angle,MIDDLE_DIP_angle,RING_DIP_angle,PINKY_DIP_angle,THUMB_TMC_angle,THUMB_IP_angle,THUMB_INDEX_Abduction_angle,LABEL
6.1.jpg,154.4662338,108.4130008,114.4629766,109.9866994,99.97837255,93.26995171,84.16199987,79.05309584,102.5991379,126.0314264,114.9432028,108.6363531,115.5342636,146.2914613,165.657414,70.69015858,label 6
6.2.jpg,149.2229188,110.553788,117.3465274,114.0562405,107.2309205,85.47213611,72.61874907,76.74887863,85.85792038,119.7196612,122.4027966,119.4515505,127.1588219,130.325686,149.232034,66.6265691,label 6
6.3.jpg,97.76703276,111.9899519,101.7126639,94.58202172,75.82140253,113.4583627,108.1585409,95.00128852,115.2135774,133.1835568,27.23878898,88.21239148,105.7290775,159.5491631,142.3680564,57.4445523,label 6
6.4.jpg,105.9204932,131.0198676,122.5948287,114.6595209,89.97002265,99.50212498,91.48908696,77.94708536,100.0014963,121.3962867,41.78940295,85.7254985,103.7564687,158.8744804,139.5435752,58.67098574,label 6
6.5.jpg,116.7639059,139.7834313,136.6318678,136.2583374,143.3029882,68.94908858,58.11573691,39.08133381,28.09287102,161.6688223,101.1135876,123.2900717,147.6560241,163.0231623,121.6107438,57.62626295,label 6
6.6.jpg,103.9858491,135.0769267,137.5220843,132.6129854,134.8999996,60.19581093,48.33226916,34.66551799,26.9475542,171.6588625,144.3501883,138.2328939,149.6918975,148.7277177,135.8867533,50.40363411,label 6
