Image,THUMB_MCP_angle,INDEX_MCP_angle,MIDDLE_MCP_angle,RING_MCP_angle,PINKY_MCP_angle,INDEX_PIP_angle,MIDDLE_PIP_angle,RING_PIP_angle,PINKY_PIP_angle,INDEX_DIP_angle,MIDDLE_DIP_angle,RING_DIP_angle,PINKY_DIP_angle,THUMB_TMC_angle,THUMB_IP_angle,THUMB_INDEX_Abduction_angle,LABEL
17.1.jpg,167.5612672,145.9833268,152.4965754,136.4612889,120.0209547,134.7400095,101.7954258,98.66998754,108.9393569,166.3859525,130.6106459,121.2588531,115.4675575,151.8442674,176.7901661,54.90806655,label 17
17.2.jpg,167.1346619,158.1088436,124.0145074,115.7842543,111.8541017,154.337566,60.60404908,60.61279462,75.81762114,168.6148307,129.2209558,133.9251324,132.5998983,145.3374834,171.9301691,53.52449484,label 17
17.3.jpg,157.6805043,164.6051374,127.132958,114.9717593,105.4722145,146.5295272,68.20830463,74.25595681,90.30007279,171.6837189,130.7305195,126.4462463,142.1636778,134.655919,169.3000607,61.18144918,label 17
17.4.jpg,160.0621112,165.3379075,124.2682562,116.915799,111.4323548,143.5997439,70.00537381,70.1428182,81.63068269,165.0932911,128.4824254,123.3876432,133.2482059,133.7362203,170.1045084,63.39358603,label 17
17.5.jpg,157.907838,163.1366568,129.743802,118.3434536,107.0986296,147.0348682,74.11832708,75.05305202,88.11903603,173.0423673,127.6812759,124.0076267,132.5523076,133.428772,170.5297224,57.07564777,label 17
17.6.jpg,156.4837978,161.7176562,119.1591615,122.7528914,121.464427,144.6850889,71.88266413,65.52259998,72.44871758,160.743092,120.3264884,122.2030558,132.6966392,143.3401841,168.4610563,69.3343131,label 17
