Image,THUMB_MCP_angle,INDEX_MCP_angle,MIDDLE_MCP_angle,RING_MCP_angle,PINKY_MCP_angle,INDEX_PIP_angle,MIDDLE_PIP_angle,RING_PIP_angle,PINKY_PIP_angle,INDEX_DIP_angle,MIDDLE_DIP_angle,RING_DIP_angle,PINKY_DIP_angle,THUMB_TMC_angle,THUMB_IP_angle,THUMB_INDEX_Abduction_angle,LABEL
2.1.jpg,160.609935,148.0632195,150.2564275,154.0811806,145.7579686,138.0248824,135.1614219,132.2490565,137.7001214,157.8052729,158.2470106,160.4764802,159.7726772,146.9090724,169.8173456,75.27540893,label 2
2.2.jpg,155.5296367,157.8565353,164.7111751,176.2175739,163.1183515,140.6297344,124.9387616,124.8919863,143.9063386,153.8140951,156.8509433,160.8779135,166.923022,155.1756143,162.1648533,65.69379536,label 2
2.3.jpg,159.1784426,151.3274054,127.5825709,124.4463452,126.7118871,134.8750588,81.57413326,77.89612694,86.55482465,169.4765424,126.037273,122.3159867,116.0660425,151.3688309,176.1161241,63.85757134,label 2
2.4.jpg,168.2239319,153.5274697,138.8551478,133.7600043,121.5860543,129.2258446,65.41896711,59.62664821,71.83384277,164.8690694,128.6976876,123.8788046,124.6890278,167.1366414,165.1943974,53.22244369,label 2
2.5.jpg,163.9069395,155.3809919,165.8461194,165.4412539,157.4902575,121.1998851,120.025889,125.0919783,139.4664764,162.3873764,158.740987,161.7504882,162.6567478,149.0832976,175.7353389,74.2781452,label 2
2.6.jpg,167.925437,155.5107113,178.6819891,165.7227479,157.0472266,124.1182484,127.9636034,135.7199476,152.3379644,154.3012868,151.2965737,152.9384675,160.1829791,150.7744549,168.729986,73.08165127,label 2
2.7.jpg,165.7172504,155.1257988,174.759263,165.7974741,155.5854614,131.9938424,129.2677728,138.6206828,146.73445,160.6855287,155.18543,155.8706326,159.6726982,149.1765647,164.5869597,70.00932467,label 2
2.8.jpg,160.202519,154.1786411,164.6256652,176.0534029,168.4468322,133.2345572,128.8595998,126.4561007,146.5349957,161.5331197,165.7618045,166.6802569,169.1654101,156.3098289,165.8657113,60.24378661,label 2
2.9.jpg,162.9456506,142.5423501,155.0892869,166.2773632,167.9350971,126.8301682,108.9297347,106.8769481,131.3211796,156.7068835,152.8123697,155.585646,157.9843828,159.3668153,158.1360358,63.96269605,label 2
