Image,THUMB_MCP_angle,INDEX_MCP_angle,MIDDLE_MCP_angle,RING_MCP_angle,PINKY_MCP_angle,INDEX_PIP_angle,MIDDLE_PIP_angle,RING_PIP_angle,PINKY_PIP_angle,INDEX_DIP_angle,MIDDLE_DIP_angle,RING_DIP_angle,PINKY_DIP_angle,THUMB_TMC_angle,THUMB_IP_angle,THUMB_INDEX_Abduction_angle,LABEL
18.1.jpg,144.9052353,165.5869067,168.7825489,138.1836513,125.9130502,175.9571308,175.18947,82.84688785,96.98275174,174.6615396,172.9359476,156.1630669,158.3315261,133.0370509,174.2810706,41.77419982,label 18
18.2.jpg,153.1027666,153.9000586,165.7561695,151.3393284,145.3293428,178.7957122,176.6308338,77.51917845,95.02662021,176.8871432,170.9005253,158.9654944,161.9118818,137.3099734,166.7232466,51.76855096,label 18
18.3.jpg,152.8097869,167.0466173,172.7897994,142.7312746,122.8873125,178.7131502,177.8874172,75.93834563,97.84554268,173.138936,169.763524,155.3351145,156.3834033,135.0902852,171.8243564,49.62586304,label 18
18.4.jpg,149.1775149,163.1524867,172.6539744,141.2903832,117.8684738,178.937455,177.0271241,80.65402677,102.8370112,171.257241,170.5648391,152.5362035,155.2423495,137.1231545,175.6008845,47.63609698,label 18
18.5.jpg,147.3131683,156.9730042,169.1139842,132.3403288,105.3861378,176.5949632,170.8073183,88.50771669,108.6310781,167.510861,166.3743367,143.6304718,149.7709251,146.8990311,168.6955526,61.41950534,label 18
18.6.jpg,133.162345,157.0045764,164.515458,151.7828347,151.7707104,173.3330685,175.3106601,40.70089676,48.5162003,175.8576922,172.6474842,160.0403675,160.1626734,147.6347155,113.5037009,32.2144693,label 18
18.7.jpg,131.2530738,164.4644639,167.1871571,145.4675446,152.7545811,175.5165287,170.3871078,42.34817387,27.15769208,174.3663098,166.4625664,159.985158,162.065409,138.5792895,151.8751416,23.89123026,label 18
18.8.jpg,126.1362492,163.958389,172.1743179,131.4588672,134.7815785,177.2171039,173.8954782,79.71731798,70.40835485,170.1779103,164.8996362,148.4330468,151.6021261,133.0400282,170.045895,33.04968357,label 18
