Image,THUMB_MCP_angle,INDEX_MCP_angle,MIDDLE_MCP_angle,RING_MCP_angle,PINKY_MCP_angle,INDEX_PIP_angle,MIDDLE_PIP_angle,RING_PIP_angle,PINKY_PIP_angle,INDEX_DIP_angle,MIDDLE_DIP_angle,RING_DIP_angle,PINKY_DIP_angle,THUMB_TMC_angle,THUMB_IP_angle,THUMB_INDEX_Abduction_angle,LABEL
13.1.jpg,130.8533555,163.6924243,169.3483842,166.1727908,156.4843159,159.061464,165.3091932,167.1908176,173.6493975,168.4902244,175.3622784,173.0465295,170.9862898,123.5202379,166.7008246,33.77133824,label 13
13.2.jpg,109.1722513,151.4120106,166.9140697,176.1699908,160.4149288,169.2557487,172.9882242,174.1772395,175.8066516,174.6405998,177.8180588,178.3371911,178.5936829,143.4660726,151.6681059,25.64714155,label 13
13.3.jpg,113.0961099,155.927484,171.1818404,175.5963129,163.3808307,170.9022081,172.8449699,170.9676306,174.0440813,177.1125284,178.6939255,178.4412978,178.0128737,134.5546387,143.7417533,14.89998428,label 13
13.4.jpg,110.7187145,154.6144211,169.3063445,169.0527007,156.4264269,164.0562711,166.2971116,168.9978152,176.1781522,174.4681501,174.4550476,171.3060955,176.4146775,136.2976479,140.1436928,21.66696498,label 13
13.5.jpg,125.9580619,155.4651231,170.4395604,175.1520254,166.7561986,172.1917656,172.2034706,176.4211392,173.8163074,175.3602858,176.3443433,175.9770116,176.986493,135.3419714,154.5913234,15.70661004,label 13
13.6.jpg,108.0572388,160.1936125,170.0747853,163.0867251,154.8314712,175.4825848,179.6407396,178.3800371,171.8932558,173.0714144,173.6796179,174.1679755,174.1281073,150.241764,171.7146015,41.00941593,label 13
