Image,THUMB_MCP_angle,INDEX_MCP_angle,MIDDLE_MCP_angle,RING_MCP_angle,PINKY_MCP_angle,INDEX_PIP_angle,MIDDLE_PIP_angle,RING_PIP_angle,PINKY_PIP_angle,INDEX_DIP_angle,MIDDLE_DIP_angle,RING_DIP_angle,PINKY_DIP_angle,THUMB_TMC_angle,THUMB_IP_angle,THUMB_INDEX_Abduction_angle,LABEL
11.1.jpg,169.0499129,169.9462271,122.602786,116.4257837,110.0454157,158.3712826,156.4526765,146.6424189,137.9055343,169.4339996,170.711537,145.9807551,130.4103279,140.2031312,170.3009176,60.24735055,label 11
11.2.jpg,157.0040499,169.6483531,123.6863696,116.9522478,105.470123,170.9674071,153.2666335,128.0977667,123.4369552,171.654257,172.1237168,145.5556921,140.6101949,129.153579,175.5527816,63.09913266,label 11
11.3.jpg,160.4895671,166.2763428,129.8793992,124.7006743,106.7299646,173.811339,153.8884054,150.1859232,154.5291192,177.8740069,172.0685476,171.8738912,169.3333672,130.4530256,172.6386192,47.21094012,label 11
11.4.jpg,155.9327702,164.9675882,125.6595524,119.9517535,93.63656161,174.2827832,149.8374202,142.3764708,149.4524435,179.0855391,164.5233928,174.1814885,170.7558205,124.6378679,172.8068873,55.08117504,label 11
11.5.jpg,156.105816,158.1059548,126.9064084,120.4222087,97.42477896,177.2060817,143.576665,118.8342761,135.165535,177.8779772,166.838108,160.1404645,146.108821,125.6924585,170.9075331,51.13870466,label 11
11.6.jpg,162.9430738,174.8083604,131.5326967,128.0018935,116.506735,170.2845468,155.2881651,160.8782246,162.6519879,171.2607681,167.0250385,167.8239675,164.837408,130.9501449,170.3609536,59.67938267,label 11
11.7.jpg,162.4751214,158.8921346,106.6044521,102.9661572,108.3927683,166.9662522,156.8367446,157.5983954,161.8951874,176.7298951,167.9844235,170.4262093,173.4999832,155.518369,171.587481,60.25926261,label 11
11.8.jpg,162.9714254,167.3914072,130.728064,139.075209,157.6566724,177.6973714,150.9003449,164.4081979,163.9573144,176.7213043,169.0498472,170.4278685,170.0141953,149.2465913,161.9929451,29.43590448,label 11
