Image,THUMB_MCP_angle,INDEX_MCP_angle,MIDDLE_MCP_angle,RING_MCP_angle,PINKY_MCP_angle,INDEX_PIP_angle,MIDDLE_PIP_angle,RING_PIP_angle,PINKY_PIP_angle,INDEX_DIP_angle,MIDDLE_DIP_angle,RING_DIP_angle,PINKY_DIP_angle,THUMB_TMC_angle,THUMB_IP_angle,THUMB_INDEX_Abduction_angle
13.jpg,151.9462566,158.5582529,146.4641915,130.7783033,148.8525085,173.5834123,40.00419557,47.53594598,29.67597262,173.0112581,141.3053628,129.8592238,155.0948235,141.843234,152.780869,30.19452921
14.jpg,154.4464949,160.2436279,129.3038655,115.938955,117.5697751,169.9209106,60.57815673,60.34564197,61.7278385,170.8977454,114.2753225,120.1375776,143.4642705,142.8003478,150.8973484,32.95413411
14_1.jpg,153.9656786,161.6832689,123.7753355,119.8460503,164.4019698,174.7644123,77.61044618,70.53583171,153.6992588,173.836751,160.346108,157.7460388,158.1322142,138.2924807,142.5223657,37.35869331
14_2.jpg,152.084916,159.4556198,126.7084975,124.1892934,129.8629867,175.241909,79.62781108,67.76156726,67.03929798,175.1424788,162.9975456,162.9724437,161.1216556,142.8240574,142.209591,40.2596171
15.jpg,155.7867347,159.7584292,148.0487171,136.2649935,145.0804653,172.5485422,36.9433391,38.48788593,31.38003628,174.5328592,154.2237295,148.7238319,158.0832512,134.9382487,138.432001,25.17995625
52.jpg,141.1287376,146.5207515,131.3410985,124.1476948,136.6155569,167.0379661,49.13463396,45.71648803,34.32467284,169.0916981,86.31984175,102.2747027,132.8212791,144.631899,159.5571883,33.91199661
b32.jpg,158.1376915,149.4037247,144.0604912,139.9511519,146.1265807,174.1693974,46.73242177,35.8278974,29.79792958,173.9162042,151.491567,144.5579636,155.3804679,121.621553,173.506039,20.59485329
b36.jpg,140.3925004,149.4291303,157.9236825,147.9112824,146.8531173,173.1029223,41.0239836,32.9950356,31.79563963,173.9018458,157.6464503,152.6027453,158.9331905,129.9684832,162.4194203,32.36212861
