Image,THUMB_MCP_angle,INDEX_MCP_angle,MIDDLE_MCP_angle,RING_MCP_angle,PINKY_MCP_angle,INDEX_PIP_angle,MIDDLE_PIP_angle,RING_PIP_angle,PINKY_PIP_angle,INDEX_DIP_angle,MIDDLE_DIP_angle,RING_DIP_angle,PINKY_DIP_angle,THUMB_TMC_angle,THUMB_IP_angle,THUMB_INDEX_Abduction_angle
48.jpg,172.6924374,139.7867904,130.6765862,121.0308602,114.9619942,161.3474968,162.6103058,162.5415484,167.5792453,172.1199747,172.0312656,169.4124211,170.2332994,154.6254192,164.7167036,26.86587715
5.jpg,147.413265,104.1937668,113.6305378,118.8768872,125.0905333,159.1616351,152.1264033,156.2492074,158.9355181,172.8485184,171.6197288,165.3589147,167.2545674,137.6670841,156.9807407,41.36214588
5_1.jpg,167.5089429,93.7257905,90.23450155,87.73500975,91.2087551,158.0494103,157.9794933,161.167977,166.7887073,176.4560298,171.2340184,168.6704927,171.4903237,163.2490757,169.0821411,55.44019788
6.jpg,146.87656,108.320731,117.3095018,120.8090027,121.3864559,161.2124344,154.2954658,159.5218029,164.3810096,171.6240717,171.7412353,165.687141,169.8517758,144.7141108,145.4666915,51.60547243
7.jpg,154.8842302,146.6501234,152.7169293,153.8213791,146.8810622,170.8111898,166.9737668,165.6423809,165.1001751,169.5930479,172.1898967,169.7063462,174.7194382,157.6596801,167.8141909,56.79269229
b12.jpg,155.8991944,121.4271742,128.9825502,135.8328219,141.0687242,161.5646787,162.7051985,170.3294627,168.321896,169.7206085,169.6128599,171.0597851,169.2920095,140.7882075,166.4571759,34.97843532
b14.jpg,164.0320006,113.6327519,107.3745872,109.2591532,112.5389525,174.6024344,177.2028489,173.0612497,170.9013883,179.5847907,179.6905423,179.4809579,176.8579298,144.754651,162.4354053,45.44151704
b15.jpg,166.9811185,93.8186056,87.23452748,87.9987268,103.6340063,167.9964459,163.7210771,168.5448266,178.5424979,176.9731321,178.7183293,176.2679344,172.6068768,159.751506,171.5910696,57.05745437
