Image,THUMB_MCP_angle,INDEX_MCP_angle,MIDDLE_MCP_angle,RING_MCP_angle,PINKY_MCP_angle,INDEX_PIP_angle,MIDDLE_PIP_angle,RING_PIP_angle,PINKY_PIP_angle,INDEX_DIP_angle,MIDDLE_DIP_angle,RING_DIP_angle,PINKY_DIP_angle,THUMB_TMC_angle,THUMB_IP_angle,THUMB_INDEX_Abduction_angle
32.jpg,175.0033596,128.5320877,125.8353427,136.5445103,164.5911304,67.26246384,71.39499309,52.17451407,163.4395171,153.6542841,153.5541606,154.8541512,164.8691617,157.575135,146.5557263,61.67449754
34.jpg,173.9801334,116.4745091,117.3587438,121.8556937,158.183572,90.63005489,84.11385893,72.10958177,157.1124771,158.6074777,154.3400559,152.3007693,163.0532594,162.982417,157.6097223,67.25625765
41.jpg,172.7928525,145.9860332,127.389936,136.0693796,166.3304628,53.79315946,65.99844125,46.97608185,163.096168,166.2064738,160.8042371,160.1477387,170.5153039,153.1986864,163.3605941,39.43765431
42.jpg,171.625511,140.4441527,127.106949,139.1698084,161.9965234,56.71760478,66.98742092,45.64523676,162.3836935,169.6685398,166.445641,163.2138381,170.4342944,145.2226404,157.5476486,32.18222506
76.jpg,176.7291824,152.3567871,145.6965906,158.0153963,171.2838769,34.1171628,39.23481702,19.40472996,158.8118254,166.1030007,149.3164228,161.1773197,176.6305535,158.6459074,176.6538019,40.28348055
90.jpg,167.0374252,129.4324202,123.4204184,128.3809696,155.096042,64.52044641,70.34553958,50.05015095,153.1758917,161.9562025,137.8514442,147.3732514,169.7217747,159.6427252,174.7336494,62.47827031
91.jpg,166.9828538,135.0114567,129.9705347,133.4408694,158.7201893,62.72241392,61.29289575,42.94658698,151.4001285,157.5414673,120.20744,148.5505466,171.5127883,160.864398,171.2055532,61.56038314
b56.jpg,164.2679314,138.8078248,139.5163438,142.7434208,169.5500357,66.86965001,46.73921883,23.9161404,151.8222584,166.7349486,43.62538442,138.9047107,170.8673931,160.0520307,167.2470379,56.02606131
