Image,THUMB_MCP_angle,INDEX_MCP_angle,MIDDLE_MCP_angle,RING_MCP_angle,PINKY_MCP_angle,INDEX_PIP_angle,MIDDLE_PIP_angle,RING_PIP_angle,PINKY_PIP_angle,INDEX_DIP_angle,MIDDLE_DIP_angle,RING_DIP_angle,PINKY_DIP_angle,THUMB_TMC_angle,THUMB_IP_angle,THUMB_INDEX_Abduction_angle
20_1.jpg,140.4661399,139.3255364,163.7849214,135.6012571,122.2863354,132.8830887,166.9396601,89.74515814,93.94950694,162.2989075,153.2116441,147.5555124,152.9945687,140.8883978,166.197311,48.56710187
25.jpg,145.4151504,118.6619284,119.7616591,92.72004144,81.19745378,172.586826,153.624313,84.82606568,101.8033956,166.5180306,129.8436429,121.5771889,136.6958912,125.7963633,135.0757893,63.96967372
35.jpg,135.1987927,148.1838473,166.2412283,165.9375365,153.1925401,78.82247877,170.1949892,37.42356287,50.71352164,154.1861333,160.8368877,156.1517106,149.1179593,125.3808334,116.7770034,34.74814602
59.jpg,131.2100621,130.3336653,148.3374114,124.9755515,127.0876972,115.1991693,166.5387489,73.33157452,59.1709008,150.1141475,153.7697256,142.966512,149.2634882,142.3657717,142.906284,49.10978422
60.jpg,136.2868264,132.1226265,148.6859809,126.5282338,120.9958144,119.6751418,165.8014176,69.07704494,70.46119771,140.0464572,146.4810212,138.3451501,142.6161979,139.2406911,143.6780468,50.41965364
65.jpg,131.4462337,137.034981,157.09524,140.741776,141.1234544,79.43931551,176.9470306,52.84670058,39.58608671,162.2419367,166.1830668,150.8302769,151.6174971,149.0894436,116.201881,38.83510373
66.jpg,147.9022934,136.8179849,157.4023213,119.0598234,105.737412,83.80849643,175.4698554,68.73763679,64.53452919,149.7349093,159.8326456,132.0771517,130.1526226,161.362166,116.9980386,47.88974567
