Image,THUMB_MCP_angle,INDEX_MCP_angle,MIDDLE_MCP_angle,RING_MCP_angle,PINKY_MCP_angle,INDEX_PIP_angle,MIDDLE_PIP_angle,RING_PIP_angle,PINKY_PIP_angle,INDEX_DIP_angle,MIDDLE_DIP_angle,RING_DIP_angle,PINKY_DIP_angle,THUMB_TMC_angle,THUMB_IP_angle,THUMB_INDEX_Abduction_angle,,,,,,,,,,,,,,,,
1.jpg,158.8503929,166.1911203,171.3124157,164.4173067,152.7764812,166.2749854,168.7530932,170.1362278,170.5992243,176.413628,177.2706852,174.1062485,169.9106005,152.2714287,151.2882247,35.14710134,,,,,,,,,,,,,,,nan,nan
2.jpg,179.7649191,162.9186594,164.6883537,158.7615074,150.1687792,165.7129541,165.7734444,173.676437,167.7154992,174.5164401,176.2613264,174.1395354,171.4394418,145.676188,159.2590711,29.28030657,,,,,,,,,,,,,,,nan,nan
20.jpg,163.6864003,156.8746012,168.7311198,167.5975845,155.2716768,170.3714219,173.1890068,178.2793132,169.5622443,172.9202639,175.9413618,176.7370807,174.7907106,147.9858687,168.7557684,35.70856488,,,,,,,,,,,,,,,,
21.jpg,164.8773358,157.9231027,168.82502,166.7149875,154.6949181,171.2594248,173.1708575,177.9663028,169.9300173,170.8367837,174.9079499,175.4292501,173.7872604,147.3993746,158.7982156,41.73811835,,,,,,,,,,,,,,,,
44.jpg,162.5103105,155.7721628,167.3825845,167.9066148,151.4832032,164.8762013,167.4741855,171.706166,170.3305518,172.5037823,174.5251619,176.1820526,174.2446386,155.5597189,141.4063304,40.86886729,,,,,,,,,,,,,,,nan,nan
45.jpg,160.7025687,153.2538027,166.446722,171.8081177,154.8410781,167.8730367,170.4545453,172.9139211,173.6996972,174.2538903,176.0428869,175.8391371,175.0608418,153.5675753,116.9825447,41.24540997,,,,,,,,,,,,,,,nan,nan
